{"dur": 0.012889, "spkts": 44.0, "dpkts": 46.0, "sbytes": 2766.0, "dbytes": 24004.0, "sttl": 31.0, "dttl": 29.0, "sload": 1678330.375, "dload": 14575530.0, "sinpkt": 0.291884, "dinpkt": 0.273756, "sjit": 16.215543, "djit": 15.59015, "swin": 255.0, "stcpb": 863194811.0, "dtcpb": 3016108889.0, "ct_srv_src": 10.0, "ct_srv_dst": 7.0, "ct_dst_sport_ltm": 1.0}