{"dur": 0.258123, "spkts": 92.0, "dpkts": 164.0, "sbytes": 5696.0, "dbytes": 192828.0, "sttl": 31.0, "dttl": 29.0, "sload": 174645.4063, "dload": 5939896.5, "sinpkt": 2.831769, "dinpkt": 1.580669, "sjit": 177.422725, "djit": 102.742489, "swin": 255.0, "stcpb": 360353460.0, "dtcpb": 2510078281.0, "ct_srv_src": 15.0, "ct_srv_dst": 8.0, "ct_dst_sport_ltm": 1.0}