{"dur": 30.979828, "spkts": 4.0, "dpkts": 4.0, "sbytes": 184.0, "dbytes": 112.0, "sttl": 0.0, "dttl": 0.0, "sload": 35.636093, "dload": 21.691534, "sinpkt": 15489.787, "dinpkt": 15489.786, "sjit": 15489.742, "djit": 15489.751, "swin": 0.0, "stcpb": 0.0, "dtcpb": 0.0, "ct_srv_src": 2.0, "ct_srv_dst": 2.0, "ct_dst_sport_ltm": 2.0}